Product Name,Ratings & Reviews,Rating,Image URL
Printed Men Round Neck Dark Blue T-Shirt,"51,780 ratings and 6,776 reviews",3.9,https://rukminim1.flixcart.com/image/309/371/jr9iwsw0/t-shirt/v/c/d/s-tnv-rnfulabstract1-tripr-original-imafd2huzeffqyyr.jpeg?q=50
"Printed Men Hooded Neck Grey, Black T-Shirt",NA,3.0799999999999996,https://rukminim1.flixcart.com/image/309/371/kd69z0w0/t-shirt/e/h/8/m-tgy-blhdful-believer-tripr-original-imafu4xghhyggkba.jpeg?q=50
"Solid Men Polo Neck White, Black T-Shirt","55,500 ratings and 8,015 reviews",3.8,https://rukminim1.flixcart.com/image/309/371/jm3ro280/t-shirt/9/h/f/m-style-tshirt-try-this-original-imaf8zxukgz3cjhq.jpeg?q=50
"Striped Men Hooded Neck Red, Black T-Shirt","96,044 ratings and 12,783 reviews",4.0,https://rukminim1.flixcart.com/image/309/371/jtn9bww0/t-shirt/5/g/g/m-hm-1001-black-red-helmont-original-imafdfvvr8hqdu65.jpeg?q=50
Abstract Men Hooded Neck Dark Blue T-Shirt,"75,573 ratings and 9,804 reviews",4.0,https://rukminim1.flixcart.com/image/309/371/jp780i80/t-shirt/u/8/t/s-tnvhdfulabstract1-tripr-original-imafbdarnwhfh7uu.jpeg?q=50
Solid Men Hooded Neck Yellow T-Shirt,"96,044 ratings and 12,783 reviews",4.0,https://rukminim1.flixcart.com/image/309/371/k3khevk0/t-shirt/m/6/7/l-aff-1001-mustard-black-adiba-fashion-factory-original-imafmn8a7me5gej4.jpeg?q=50
"Solid Men Round Neck Blue, Grey T-Shirt","37,768 ratings and 4,866 reviews",3.9,https://rukminim1.flixcart.com/image/309/371/k40798w0/t-shirt/r/x/a/xxl-4054-xxl-fastcolors-original-imafny3vwstwzyvh.jpeg?q=50
"Color Block Men Round Neck Green, Black T-Shirt","12,266 ratings and 1,540 reviews",4.1,https://rukminim1.flixcart.com/image/309/371/jw0zr0w0/t-shirt/g/u/q/s-daredevil-party-wear-wrath-original-imafgsggwmdabfx4.jpeg?q=50
"Solid Women V Neck Maroon, Black, Grey T-Shirt","1,825 ratings and 277 reviews",4.2,https://rukminim1.flixcart.com/image/309/371/j2ur3ww0-2/t-shirt/p/g/9/s-ap-wm-vn-ss-2035-cmb-blk-am-mrn-ap-pulse-original-imaetzx5nkztqs7v.jpeg?q=50
Color Block Women Hooded Neck Multicolor T-Shirt,NA,3.0799999999999996,https://rukminim1.flixcart.com/image/309/371/kcauaa80/t-shirt/r/y/v/xl-girlstop-53-the-bebo-original-imaftgpc5r4tt4qx.jpeg?q=50
Solid Women Round Neck Black T-Shirt,6 ratings and 1 reviews,4.7,https://rukminim1.flixcart.com/image/309/371/kc6jyq80/t-shirt/l/7/y/xl-12001-black-bukkum-original-imaftd2zzhc5essu.jpeg?q=50
Solid Women Round Neck Dark Blue T-Shirt,"2,631 ratings and 385 reviews",4.0,https://rukminim1.flixcart.com/image/309/371/t-shirt/m/d/f/ap-wm-rn-longslv-239-navy-ap-pulse-l-original-imaeduw6nugfsu8y.jpeg?q=50
Solid Women V-neck White T-Shirt,"5,213 ratings and 672 reviews",4.0,https://rukminim1.flixcart.com/image/309/371/k0flmkw0/t-shirt/b/h/b/s-vwwhite-fleximaa-original-imafk8gb9czjfyqe.jpeg?q=50
Printed Men Round Neck Grey T-Shirt,"51,780 ratings and 6,776 reviews",3.9,https://rukminim1.flixcart.com/image/309/371/jqtt2fk0/t-shirt/7/m/d/4xl-tgy-rnfulabstract1-tripr-original-imafcpc4y2vum9rf.jpeg?q=50
Solid Women V Neck Black T-Shirt,109 ratings and 13 reviews,3.5,https://rukminim1.flixcart.com/image/309/371/k6dxocw0/t-shirt/e/a/3/l-w-vn-bk-base-41-original-imafzuz8qahffrhf.jpeg?q=50
Graphic Print Men & Women Round Neck White T-Shirt,NA,3.0799999999999996,https://rukminim1.flixcart.com/image/309/371/k933ma80/t-shirt/f/p/2/s-jaane-ka-hai-magar-wo-bulati-nahi-rp-collection-original-imafqyrphehbcnys.jpeg?q=50
"Color Block Men Round Neck Black, Orange, Grey T-Shirt","2,898 ratings and 453 reviews",3.9,https://rukminim1.flixcart.com/image/309/371/k7531jk0/t-shirt/z/c/a/s-rh-roundnck-x-hlfslv-blk-org-skin-rockhard-original-imafpfvkgtxeuz77.jpeg?q=50
"Color Block Men Round Neck White, Black, Yellow T-Shirt","15,832 ratings and 2,035 reviews",4.0,https://rukminim1.flixcart.com/image/309/371/ju1jqfk0/t-shirt/u/z/4/l-men-ss19-rgln-hs-white-ylw-blk-strp-maniac-original-imaff9e8dpqzhwgu.jpeg?q=50
"Striped Men Polo Neck Dark Blue, Green, Black T-Shirt","1,261 ratings and 138 reviews",4.0,https://rukminim1.flixcart.com/image/309/371/jza5uvk0/t-shirt/s/n/n/l-striped-try-this-original-imafj8mfhxhmfxtm.jpeg?q=50
Checkered Men Round Neck Yellow T-Shirt,"3,212 ratings and 440 reviews",4.0,https://rukminim1.flixcart.com/image/309/371/k4k7f680/t-shirt/g/x/x/s-fc4138-fastcolors-original-imafnfwubjxhueg9.jpeg?q=50
Striped Men Hooded Neck Maroon T-Shirt,"96,044 ratings and 12,783 reviews",4.0,https://rukminim1.flixcart.com/image/309/371/jtn9bww0/t-shirt/5/f/c/s-hm-1001-maroon-black-helmont-original-imafdfvvz65ab7vm.jpeg?q=50
Color Block Men V-neck Maroon T-Shirt,"9,703 ratings and 1,138 reviews",4.0,https://rukminim1.flixcart.com/image/309/371/k4bms280/t-shirt/5/b/t/m-11-v-neck-try-this-original-imaf969m4due9wbm.jpeg?q=50
Solid Men Hooded Neck Black T-Shirt,"2,582 ratings and 265 reviews",3.8,https://rukminim1.flixcart.com/image/309/371/jzd0qkw0/t-shirt/u/2/x/m-ke-hoodie-full-black-2119-s-rebound-original-imafh7jpxtpzyudj.jpeg?q=50
"Printed Men V Neck Light Blue, Grey T-Shirt",NA,3.0799999999999996,https://rukminim1.flixcart.com/image/309/371/kcm9t3k0/t-shirt/o/y/b/l-tgyrdvnfullganeshd3-tripr-original-imaftp6ttdygqctt.jpeg?q=50
Solid Women Round Neck White T-Shirt,NA,3.0799999999999996,https://rukminim1.flixcart.com/image/309/371/k66sh3k0/t-shirt/v/s/u/s-w-p1-wh-heelium-original-imafzzn3yxenfqw5.jpeg?q=50
Solid Women Hooded Neck Multicolor T-Shirt,NA,3.0799999999999996,https://rukminim1.flixcart.com/image/309/371/kcauaa80/t-shirt/g/c/r/xl-girlstop-54-the-bebo-original-imaftgq9brscewhk.jpeg?q=50
Conversational Women Round Neck Yellow T-Shirt,28 ratings and 4 reviews,4.2,https://rukminim1.flixcart.com/image/309/371/jh2aqvk0/t-shirt/e/s/m/xl-wtop-34u-itis-yellow-young-trendz-original-imaf55u42w4rhfbv.jpeg?q=50
Solid Women Round Neck Blue T-Shirt,NA,3.0799999999999996,https://rukminim1.flixcart.com/image/309/371/kc6jyq80/t-shirt/p/k/p/xl-bt11069-blue-bukkum-original-imaftd2zzscjpjh8.jpeg?q=50
Printed Women Round Neck Pink T-Shirt,NA,3.0799999999999996,https://rukminim1.flixcart.com/image/309/371/k4ehnrk0/t-shirt/y/y/d/xl-ms21dec-pink01-meenu-s-original-imafnbq3dzyyjzwz.jpeg?q=50
Graphic Print Men Round Neck White T-Shirt,"1,963 ratings and 221 reviews",4.1,https://rukminim1.flixcart.com/image/309/371/jx257680/t-shirt/3/5/v/m-16960-0060-levi-s-original-imafhm4kwdwzymwx.jpeg?q=50
Printed Women Round Neck Yellow T-Shirt,NA,3.0799999999999996,https://rukminim1.flixcart.com/image/309/371/k4ehnrk0/t-shirt/s/t/h/s-ms21dec-yellow01-meenu-s-original-imafnbq3hfz2ztk9.jpeg?q=50
Solid Men & Women Hooded Neck Grey T-Shirt,10 ratings and 3 reviews,4.2,https://rukminim1.flixcart.com/image/309/371/kd7pevk0/t-shirt/7/p/q/s-hood-full-grey-weft-original-imafu5uk67hj98jg.jpeg?q=50
"Solid Men Round Neck Dark Blue, Grey T-Shirt","16,975 ratings and 1,981 reviews",4.0,https://rukminim1.flixcart.com/image/309/371/kcauaa80/t-shirt/y/t/a/s-ss18-hs-drop-tail-gry-nvy-strip-maniac-original-imaf3ruzppfgfegh.jpeg?q=50
Graphic Print Men Round Neck Grey T-Shirt,77 ratings and 6 reviews,3.9,https://rukminim1.flixcart.com/image/309/371/k7p37gw0/t-shirt/r/z/y/m-fm6061-adidas-original-imafpvmezykrqgkm.jpeg?q=50
Military Camouflage Men Round Neck Green T-Shirt,3 ratings and 0 reviews,3.0,https://rukminim1.flixcart.com/image/309/371/kd1zngw0/t-shirt/t/p/8/l-joy-camo-rnd-half-green-joycoots-original-imafuyyuavpmdean.jpeg?q=50
Typography Men Hooded Neck Multicolor T-Shirt,"3,528 ratings and 497 reviews",4.0,https://rukminim1.flixcart.com/image/309/371/k62i5jk0/t-shirt/e/t/9/3xl-trdblhdful-orgl-tripr-original-imafzhvtcmpf3zzq.jpeg?q=50
Printed Men Round Neck Multicolor T-Shirt,"1,184 ratings and 184 reviews",4.0,https://rukminim1.flixcart.com/image/309/371/kavefm80/t-shirt/d/h/9/m-bul-bsp015-012-021-bullmer-original-imafsbwxjfeztfqv.jpeg?q=50
Printed Men Round Neck Multicolor T-Shirt,"1,184 ratings and 184 reviews",4.0,https://rukminim1.flixcart.com/image/309/371/kavefm80/t-shirt/y/6/h/s-bul-bsp015-013-017-bullmer-original-imafsc47hdfcea5t.jpeg?q=50
"Striped Men Round Neck White, Blue T-Shirt","28,243 ratings and 3,614 reviews",4.0,https://rukminim1.flixcart.com/image/309/371/k40798w0/t-shirt/m/j/h/xxl-4070-xxl-fastcolors-original-imafnyyh8cvzbyep.jpeg?q=50
Graphic Print Men Round Neck Red T-Shirt,"9,906 ratings and 1,195 reviews",4.1,https://rukminim1.flixcart.com/image/309/371/jtoorrk0/t-shirt/x/d/e/s-trdrnfullion-tripr-original-imafevfsdhujuvjd.jpeg?q=50
